"","id","Name","Type1","Type2","HP","Attack","Defense","SpAtk","SpDef","Speed","Generation","Legendary"
"1",1,"Bulbasaur","Grass","Poison",45,49,49,65,65,45,1,"False"
"2",2,"Ivysaur","Grass","Poison",60,62,63,80,80,60,1,"False"
"3",3,"Venusaur","Grass","Poison",80,82,83,100,100,80,1,"False"
"4",4,"Mega Venusaur","Grass","Poison",80,100,123,122,120,80,1,"False"
"5",5,"Charmander","Fire","No aplica",39,52,43,60,50,65,1,"False"
"6",6,"Charmeleon","Fire","No aplica",58,64,58,80,65,80,1,"False"
"7",7,"Charizard","Fire","Flying",78,84,78,109,85,100,1,"False"
"8",8,"Mega Charizard X","Fire","Dragon",78,130,111,130,85,100,1,"False"
"9",9,"Mega Charizard Y","Fire","Flying",78,104,78,159,115,100,1,"False"
"10",10,"Squirtle","Water","No aplica",44,48,65,50,64,43,1,"False"
"11",11,"Wartortle","Water","No aplica",59,63,80,65,80,58,1,"False"
"12",12,"Blastoise","Water","No aplica",79,83,100,85,105,78,1,"False"
"13",13,"Mega Blastoise","Water","No aplica",79,103,120,135,115,78,1,"False"
"14",14,"Caterpie","Bug","No aplica",45,30,35,20,20,45,1,"False"
"15",15,"Metapod","Bug","No aplica",50,20,55,25,25,30,1,"False"
"16",16,"Butterfree","Bug","Flying",60,45,50,90,80,70,1,"False"
"17",17,"Weedle","Bug","Poison",40,35,30,20,20,50,1,"False"
"18",18,"Kakuna","Bug","Poison",45,25,50,25,25,35,1,"False"
"19",19,"Beedrill","Bug","Poison",65,90,40,45,80,75,1,"False"
"20",20,"Mega Beedrill","Bug","Poison",65,150,40,15,80,145,1,"False"
"21",21,"Pidgey","Normal","Flying",40,45,40,35,35,56,1,"False"
"22",22,"Pidgeotto","Normal","Flying",63,60,55,50,50,71,1,"False"
"23",23,"Pidgeot","Normal","Flying",83,80,75,70,70,101,1,"False"
"24",24,"Mega Pidgeot","Normal","Flying",83,80,80,135,80,121,1,"False"
"25",25,"Rattata","Normal","No aplica",30,56,35,25,35,72,1,"False"
"26",26,"Raticate","Normal","No aplica",55,81,60,50,70,97,1,"False"
"27",27,"Spearow","Normal","Flying",40,60,30,31,31,70,1,"False"
"28",28,"Fearow","Normal","Flying",65,90,65,61,61,100,1,"False"
"29",29,"Ekans","Poison","No aplica",35,60,44,40,54,55,1,"False"
"30",30,"Arbok","Poison","No aplica",60,85,69,65,79,80,1,"False"
"31",31,"Pikachu","Electric","No aplica",35,55,40,50,50,90,1,"False"
"32",32,"Raichu","Electric","No aplica",60,90,55,90,80,110,1,"False"
"33",33,"Sandshrew","Ground","No aplica",50,75,85,20,30,40,1,"False"
"34",34,"Sandslash","Ground","No aplica",75,100,110,45,55,65,1,"False"
"35",35,"Nidoran?","Poison","No aplica",55,47,52,40,40,41,1,"False"
"36",36,"Nidorina","Poison","No aplica",70,62,67,55,55,56,1,"False"
"37",37,"Nidoqueen","Poison","Ground",90,92,87,75,85,76,1,"False"
"38",38,"Nidoran?","Poison","No aplica",46,57,40,40,40,50,1,"False"
"39",39,"Nidorino","Poison","No aplica",61,72,57,55,55,65,1,"False"
"40",40,"Nidoking","Poison","Ground",81,102,77,85,75,85,1,"False"
"41",41,"Clefairy","Fairy","No aplica",70,45,48,60,65,35,1,"False"
"42",42,"Clefable","Fairy","No aplica",95,70,73,95,90,60,1,"False"
"43",43,"Vulpix","Fire","No aplica",38,41,40,50,65,65,1,"False"
"44",44,"Ninetales","Fire","No aplica",73,76,75,81,100,100,1,"False"
"45",45,"Jigglypuff","Normal","Fairy",115,45,20,45,25,20,1,"False"
"46",46,"Wigglytuff","Normal","Fairy",140,70,45,85,50,45,1,"False"
"47",47,"Zubat","Poison","Flying",40,45,35,30,40,55,1,"False"
"48",48,"Golbat","Poison","Flying",75,80,70,65,75,90,1,"False"
"49",49,"Oddish","Grass","Poison",45,50,55,75,65,30,1,"False"
"50",50,"Gloom","Grass","Poison",60,65,70,85,75,40,1,"False"
"51",51,"Vileplume","Grass","Poison",75,80,85,110,90,50,1,"False"
"52",52,"Paras","Bug","Grass",35,70,55,45,55,25,1,"False"
"53",53,"Parasect","Bug","Grass",60,95,80,60,80,30,1,"False"
"54",54,"Venonat","Bug","Poison",60,55,50,40,55,45,1,"False"
"55",55,"Venomoth","Bug","Poison",70,65,60,90,75,90,1,"False"
"56",56,"Diglett","Ground","No aplica",10,55,25,35,45,95,1,"False"
"57",57,"Dugtrio","Ground","No aplica",35,80,50,50,70,120,1,"False"
"58",58,"Meowth","Normal","No aplica",40,45,35,40,40,90,1,"False"
"59",59,"Persian","Normal","No aplica",65,70,60,65,65,115,1,"False"
"60",60,"Psyduck","Water","No aplica",50,52,48,65,50,55,1,"False"
"61",61,"Golduck","Water","No aplica",80,82,78,95,80,85,1,"False"
"62",62,"Mankey","Fighting","No aplica",40,80,35,35,45,70,1,"False"
"63",63,"","Fighting","No aplica",65,105,60,60,70,95,1,"False"
"64",64,"Growlithe","Fire","No aplica",55,70,45,70,50,60,1,"False"
"65",65,"Arcanine","Fire","No aplica",90,110,80,100,80,95,1,"False"
"66",66,"Poliwag","Water","No aplica",40,50,40,40,40,90,1,"False"
"67",67,"Poliwhirl","Water","No aplica",65,65,65,50,50,90,1,"False"
"68",68,"Poliwrath","Water","Fighting",90,95,95,70,90,70,1,"False"
"69",69,"Abra","Psychic","No aplica",25,20,15,105,55,90,1,"False"
"70",70,"Kadabra","Psychic","No aplica",40,35,30,120,70,105,1,"False"
"71",71,"Alakazam","Psychic","No aplica",55,50,45,135,95,120,1,"False"
"72",72,"Mega Alakazam","Psychic","No aplica",55,50,65,175,95,150,1,"False"
"73",73,"Machop","Fighting","No aplica",70,80,50,35,35,35,1,"False"
"74",74,"Machoke","Fighting","No aplica",80,100,70,50,60,45,1,"False"
"75",75,"Machamp","Fighting","No aplica",90,130,80,65,85,55,1,"False"
"76",76,"Bellsprout","Grass","Poison",50,75,35,70,30,40,1,"False"
"77",77,"Weepinbell","Grass","Poison",65,90,50,85,45,55,1,"False"
"78",78,"Victreebel","Grass","Poison",80,105,65,100,70,70,1,"False"
"79",79,"Tentacool","Water","Poison",40,40,35,50,100,70,1,"False"
"80",80,"Tentacruel","Water","Poison",80,70,65,80,120,100,1,"False"
"81",81,"Geodude","Rock","Ground",40,80,100,30,30,20,1,"False"
"82",82,"Graveler","Rock","Ground",55,95,115,45,45,35,1,"False"
"83",83,"Golem","Rock","Ground",80,120,130,55,65,45,1,"False"
"84",84,"Ponyta","Fire","No aplica",50,85,55,65,65,90,1,"False"
"85",85,"Rapidash","Fire","No aplica",65,100,70,80,80,105,1,"False"
"86",86,"Slowpoke","Water","Psychic",90,65,65,40,40,15,1,"False"
"87",87,"Slowbro","Water","Psychic",95,75,110,100,80,30,1,"False"
"88",88,"Mega Slowbro","Water","Psychic",95,75,180,130,80,30,1,"False"
"89",89,"Magnemite","Electric","Steel",25,35,70,95,55,45,1,"False"
"90",90,"Magneton","Electric","Steel",50,60,95,120,70,70,1,"False"
"91",91,"Farfetch'd","Normal","Flying",52,65,55,58,62,60,1,"False"
"92",92,"Doduo","Normal","Flying",35,85,45,35,35,75,1,"False"
"93",93,"Dodrio","Normal","Flying",60,110,70,60,60,100,1,"False"
"94",94,"Seel","Water","No aplica",65,45,55,45,70,45,1,"False"
"95",95,"Dewgong","Water","Ice",90,70,80,70,95,70,1,"False"
"96",96,"Grimer","Poison","No aplica",80,80,50,40,50,25,1,"False"
"97",97,"Muk","Poison","No aplica",105,105,75,65,100,50,1,"False"
"98",98,"Shellder","Water","No aplica",30,65,100,45,25,40,1,"False"
"99",99,"Cloyster","Water","Ice",50,95,180,85,45,70,1,"False"
"100",100,"Gastly","Ghost","Poison",30,35,30,100,35,80,1,"False"
"101",101,"Haunter","Ghost","Poison",45,50,45,115,55,95,1,"False"
"102",102,"Gengar","Ghost","Poison",60,65,60,130,75,110,1,"False"
"103",103,"Mega Gengar","Ghost","Poison",60,65,80,170,95,130,1,"False"
"104",104,"Onix","Rock","Ground",35,45,160,30,45,70,1,"False"
"105",105,"Drowzee","Psychic","No aplica",60,48,45,43,90,42,1,"False"
"106",106,"Hypno","Psychic","No aplica",85,73,70,73,115,67,1,"False"
"107",107,"Krabby","Water","No aplica",30,105,90,25,25,50,1,"False"
"108",108,"Kingler","Water","No aplica",55,130,115,50,50,75,1,"False"
"109",109,"Voltorb","Electric","No aplica",40,30,50,55,55,100,1,"False"
"110",110,"Electrode","Electric","No aplica",60,50,70,80,80,140,1,"False"
"111",111,"Exeggcute","Grass","Psychic",60,40,80,60,45,40,1,"False"
"112",112,"Exeggutor","Grass","Psychic",95,95,85,125,65,55,1,"False"
"113",113,"Cubone","Ground","No aplica",50,50,95,40,50,35,1,"False"
"114",114,"Marowak","Ground","No aplica",60,80,110,50,80,45,1,"False"
"115",115,"Hitmonlee","Fighting","No aplica",50,120,53,35,110,87,1,"False"
"116",116,"Hitmonchan","Fighting","No aplica",50,105,79,35,110,76,1,"False"
"117",117,"Lickitung","Normal","No aplica",90,55,75,60,75,30,1,"False"
"118",118,"Koffing","Poison","No aplica",40,65,95,60,45,35,1,"False"
"119",119,"Weezing","Poison","No aplica",65,90,120,85,70,60,1,"False"
"120",120,"Rhyhorn","Ground","Rock",80,85,95,30,30,25,1,"False"
"121",121,"Rhydon","Ground","Rock",105,130,120,45,45,40,1,"False"
"122",122,"Chansey","Normal","No aplica",250,5,5,35,105,50,1,"False"
"123",123,"Tangela","Grass","No aplica",65,55,115,100,40,60,1,"False"
"124",124,"Kangaskhan","Normal","No aplica",105,95,80,40,80,90,1,"False"
"125",125,"Mega Kangaskhan","Normal","No aplica",105,125,100,60,100,100,1,"False"
"126",126,"Horsea","Water","No aplica",30,40,70,70,25,60,1,"False"
"127",127,"Seadra","Water","No aplica",55,65,95,95,45,85,1,"False"
"128",128,"Goldeen","Water","No aplica",45,67,60,35,50,63,1,"False"
"129",129,"Seaking","Water","No aplica",80,92,65,65,80,68,1,"False"
"130",130,"Staryu","Water","No aplica",30,45,55,70,55,85,1,"False"
"131",131,"Starmie","Water","Psychic",60,75,85,100,85,115,1,"False"
"132",132,"Mr. Mime","Psychic","Fairy",40,45,65,100,120,90,1,"False"
"133",133,"Scyther","Bug","Flying",70,110,80,55,80,105,1,"False"
"134",134,"Jynx","Ice","Psychic",65,50,35,115,95,95,1,"False"
"135",135,"Electabuzz","Electric","No aplica",65,83,57,95,85,105,1,"False"
"136",136,"Magmar","Fire","No aplica",65,95,57,100,85,93,1,"False"
"137",137,"Pinsir","Bug","No aplica",65,125,100,55,70,85,1,"False"
"138",138,"Mega Pinsir","Bug","Flying",65,155,120,65,90,105,1,"False"
"139",139,"Tauros","Normal","No aplica",75,100,95,40,70,110,1,"False"
"140",140,"Magikarp","Water","No aplica",20,10,55,15,20,80,1,"False"
"141",141,"Gyarados","Water","Flying",95,125,79,60,100,81,1,"False"
"142",142,"Mega Gyarados","Water","Dark",95,155,109,70,130,81,1,"False"
"143",143,"Lapras","Water","Ice",130,85,80,85,95,60,1,"False"
"144",144,"Ditto","Normal","No aplica",48,48,48,48,48,48,1,"False"
"145",145,"Eevee","Normal","No aplica",55,55,50,45,65,55,1,"False"
"146",146,"Vaporeon","Water","No aplica",130,65,60,110,95,65,1,"False"
"147",147,"Jolteon","Electric","No aplica",65,65,60,110,95,130,1,"False"
"148",148,"Flareon","Fire","No aplica",65,130,60,95,110,65,1,"False"
"149",149,"Porygon","Normal","No aplica",65,60,70,85,75,40,1,"False"
"150",150,"Omanyte","Rock","Water",35,40,100,90,55,35,1,"False"
"151",151,"Omastar","Rock","Water",70,60,125,115,70,55,1,"False"
"152",152,"Kabuto","Rock","Water",30,80,90,55,45,55,1,"False"
"153",153,"Kabutops","Rock","Water",60,115,105,65,70,80,1,"False"
"154",154,"Aerodactyl","Rock","Flying",80,105,65,60,75,130,1,"False"
"155",155,"Mega Aerodactyl","Rock","Flying",80,135,85,70,95,150,1,"False"
"156",156,"Snorlax","Normal","No aplica",160,110,65,65,110,30,1,"False"
"157",157,"Articuno","Ice","Flying",90,85,100,95,125,85,1,"True"
"158",158,"Zapdos","Electric","Flying",90,90,85,125,90,100,1,"True"
"159",159,"Moltres","Fire","Flying",90,100,90,125,85,90,1,"True"
"160",160,"Dratini","Dragon","No aplica",41,64,45,50,50,50,1,"False"
"161",161,"Dragonair","Dragon","No aplica",61,84,65,70,70,70,1,"False"
"162",162,"Dragonite","Dragon","Flying",91,134,95,100,100,80,1,"False"
"163",163,"Mewtwo","Psychic","No aplica",106,110,90,154,90,130,1,"True"
"164",164,"Mega Mewtwo X","Psychic","Fighting",106,190,100,154,100,130,1,"True"
"165",165,"Mega Mewtwo Y","Psychic","No aplica",106,150,70,194,120,140,1,"True"
"166",166,"Mew","Psychic","No aplica",100,100,100,100,100,100,1,"False"
"167",167,"Chikorita","Grass","No aplica",45,49,65,49,65,45,2,"False"
"168",168,"Bayleef","Grass","No aplica",60,62,80,63,80,60,2,"False"
"169",169,"Meganium","Grass","No aplica",80,82,100,83,100,80,2,"False"
"170",170,"Cyndaquil","Fire","No aplica",39,52,43,60,50,65,2,"False"
"171",171,"Quilava","Fire","No aplica",58,64,58,80,65,80,2,"False"
"172",172,"Typhlosion","Fire","No aplica",78,84,78,109,85,100,2,"False"
"173",173,"Totodile","Water","No aplica",50,65,64,44,48,43,2,"False"
"174",174,"Croconaw","Water","No aplica",65,80,80,59,63,58,2,"False"
"175",175,"Feraligatr","Water","No aplica",85,105,100,79,83,78,2,"False"
"176",176,"Sentret","Normal","No aplica",35,46,34,35,45,20,2,"False"
"177",177,"Furret","Normal","No aplica",85,76,64,45,55,90,2,"False"
"178",178,"Hoothoot","Normal","Flying",60,30,30,36,56,50,2,"False"
"179",179,"Noctowl","Normal","Flying",100,50,50,76,96,70,2,"False"
"180",180,"Ledyba","Bug","Flying",40,20,30,40,80,55,2,"False"
"181",181,"Ledian","Bug","Flying",55,35,50,55,110,85,2,"False"
"182",182,"Spinarak","Bug","Poison",40,60,40,40,40,30,2,"False"
"183",183,"Ariados","Bug","Poison",70,90,70,60,60,40,2,"False"
"184",184,"Crobat","Poison","Flying",85,90,80,70,80,130,2,"False"
"185",185,"Chinchou","Water","Electric",75,38,38,56,56,67,2,"False"
"186",186,"Lanturn","Water","Electric",125,58,58,76,76,67,2,"False"
"187",187,"Pichu","Electric","No aplica",20,40,15,35,35,60,2,"False"
"188",188,"Cleffa","Fairy","No aplica",50,25,28,45,55,15,2,"False"
"189",189,"Igglybuff","Normal","Fairy",90,30,15,40,20,15,2,"False"
"190",190,"Togepi","Fairy","No aplica",35,20,65,40,65,20,2,"False"
"191",191,"Togetic","Fairy","Flying",55,40,85,80,105,40,2,"False"
"192",192,"Natu","Psychic","Flying",40,50,45,70,45,70,2,"False"
"193",193,"Xatu","Psychic","Flying",65,75,70,95,70,95,2,"False"
"194",194,"Mareep","Electric","No aplica",55,40,40,65,45,35,2,"False"
"195",195,"Flaaffy","Electric","No aplica",70,55,55,80,60,45,2,"False"
"196",196,"Ampharos","Electric","No aplica",90,75,85,115,90,55,2,"False"
"197",197,"Mega Ampharos","Electric","Dragon",90,95,105,165,110,45,2,"False"
"198",198,"Bellossom","Grass","No aplica",75,80,95,90,100,50,2,"False"
"199",199,"Marill","Water","Fairy",70,20,50,20,50,40,2,"False"
"200",200,"Azumarill","Water","Fairy",100,50,80,60,80,50,2,"False"
"201",201,"Sudowoodo","Rock","No aplica",70,100,115,30,65,30,2,"False"
"202",202,"Politoed","Water","No aplica",90,75,75,90,100,70,2,"False"
"203",203,"Hoppip","Grass","Flying",35,35,40,35,55,50,2,"False"
"204",204,"Skiploom","Grass","Flying",55,45,50,45,65,80,2,"False"
"205",205,"Jumpluff","Grass","Flying",75,55,70,55,95,110,2,"False"
"206",206,"Aipom","Normal","No aplica",55,70,55,40,55,85,2,"False"
"207",207,"Sunkern","Grass","No aplica",30,30,30,30,30,30,2,"False"
"208",208,"Sunflora","Grass","No aplica",75,75,55,105,85,30,2,"False"
"209",209,"Yanma","Bug","Flying",65,65,45,75,45,95,2,"False"
"210",210,"Wooper","Water","Ground",55,45,45,25,25,15,2,"False"
"211",211,"Quagsire","Water","Ground",95,85,85,65,65,35,2,"False"
"212",212,"Espeon","Psychic","No aplica",65,65,60,130,95,110,2,"False"
"213",213,"Umbreon","Dark","No aplica",95,65,110,60,130,65,2,"False"
"214",214,"Murkrow","Dark","Flying",60,85,42,85,42,91,2,"False"
"215",215,"Slowking","Water","Psychic",95,75,80,100,110,30,2,"False"
"216",216,"Misdreavus","Ghost","No aplica",60,60,60,85,85,85,2,"False"
"217",217,"Unown","Psychic","No aplica",48,72,48,72,48,48,2,"False"
"218",218,"Wobbuffet","Psychic","No aplica",190,33,58,33,58,33,2,"False"
"219",219,"Girafarig","Normal","Psychic",70,80,65,90,65,85,2,"False"
"220",220,"Pineco","Bug","No aplica",50,65,90,35,35,15,2,"False"
"221",221,"Forretress","Bug","Steel",75,90,140,60,60,40,2,"False"
"222",222,"Dunsparce","Normal","No aplica",100,70,70,65,65,45,2,"False"
"223",223,"Gligar","Ground","Flying",65,75,105,35,65,85,2,"False"
"224",224,"Steelix","Steel","Ground",75,85,200,55,65,30,2,"False"
"225",225,"Mega Steelix","Steel","Ground",75,125,230,55,95,30,2,"False"
"226",226,"Snubbull","Fairy","No aplica",60,80,50,40,40,30,2,"False"
"227",227,"Granbull","Fairy","No aplica",90,120,75,60,60,45,2,"False"
"228",228,"Qwilfish","Water","Poison",65,95,75,55,55,85,2,"False"
"229",229,"Scizor","Bug","Steel",70,130,100,55,80,65,2,"False"
"230",230,"Mega Scizor","Bug","Steel",70,150,140,65,100,75,2,"False"
"231",231,"Shuckle","Bug","Rock",20,10,230,10,230,5,2,"False"
"232",232,"Heracross","Bug","Fighting",80,125,75,40,95,85,2,"False"
"233",233,"Mega Heracross","Bug","Fighting",80,185,115,40,105,75,2,"False"
"234",234,"Sneasel","Dark","Ice",55,95,55,35,75,115,2,"False"
"235",235,"Teddiursa","Normal","No aplica",60,80,50,50,50,40,2,"False"
"236",236,"Ursaring","Normal","No aplica",90,130,75,75,75,55,2,"False"
"237",237,"Slugma","Fire","No aplica",40,40,40,70,40,20,2,"False"
"238",238,"Magcargo","Fire","Rock",50,50,120,80,80,30,2,"False"
"239",239,"Swinub","Ice","Ground",50,50,40,30,30,50,2,"False"
"240",240,"Piloswine","Ice","Ground",100,100,80,60,60,50,2,"False"
"241",241,"Corsola","Water","Rock",55,55,85,65,85,35,2,"False"
"242",242,"Remoraid","Water","No aplica",35,65,35,65,35,65,2,"False"
"243",243,"Octillery","Water","No aplica",75,105,75,105,75,45,2,"False"
"244",244,"Delibird","Ice","Flying",45,55,45,65,45,75,2,"False"
"245",245,"Mantine","Water","Flying",65,40,70,80,140,70,2,"False"
"246",246,"Skarmory","Steel","Flying",65,80,140,40,70,70,2,"False"
"247",247,"Houndour","Dark","Fire",45,60,30,80,50,65,2,"False"
"248",248,"Houndoom","Dark","Fire",75,90,50,110,80,95,2,"False"
"249",249,"Mega Houndoom","Dark","Fire",75,90,90,140,90,115,2,"False"
"250",250,"Kingdra","Water","Dragon",75,95,95,95,95,85,2,"False"
"251",251,"Phanpy","Ground","No aplica",90,60,60,40,40,40,2,"False"
"252",252,"Donphan","Ground","No aplica",90,120,120,60,60,50,2,"False"
"253",253,"Porygon2","Normal","No aplica",85,80,90,105,95,60,2,"False"
"254",254,"Stantler","Normal","No aplica",73,95,62,85,65,85,2,"False"
"255",255,"Smeargle","Normal","No aplica",55,20,35,20,45,75,2,"False"
"256",256,"Tyrogue","Fighting","No aplica",35,35,35,35,35,35,2,"False"
"257",257,"Hitmontop","Fighting","No aplica",50,95,95,35,110,70,2,"False"
"258",258,"Smoochum","Ice","Psychic",45,30,15,85,65,65,2,"False"
"259",259,"Elekid","Electric","No aplica",45,63,37,65,55,95,2,"False"
"260",260,"Magby","Fire","No aplica",45,75,37,70,55,83,2,"False"
"261",261,"Miltank","Normal","No aplica",95,80,105,40,70,100,2,"False"
"262",262,"Blissey","Normal","No aplica",255,10,10,75,135,55,2,"False"
"263",263,"Raikou","Electric","No aplica",90,85,75,115,100,115,2,"True"
"264",264,"Entei","Fire","No aplica",115,115,85,90,75,100,2,"True"
"265",265,"Suicune","Water","No aplica",100,75,115,90,115,85,2,"True"
"266",266,"Larvitar","Rock","Ground",50,64,50,45,50,41,2,"False"
"267",267,"Pupitar","Rock","Ground",70,84,70,65,70,51,2,"False"
"268",268,"Tyranitar","Rock","Dark",100,134,110,95,100,61,2,"False"
"269",269,"Mega Tyranitar","Rock","Dark",100,164,150,95,120,71,2,"False"
"270",270,"Lugia","Psychic","Flying",106,90,130,90,154,110,2,"True"
"271",271,"Ho-oh","Fire","Flying",106,130,90,110,154,90,2,"True"
"272",272,"Celebi","Psychic","Grass",100,100,100,100,100,100,2,"False"
"273",273,"Treecko","Grass","No aplica",40,45,35,65,55,70,3,"False"
"274",274,"Grovyle","Grass","No aplica",50,65,45,85,65,95,3,"False"
"275",275,"Sceptile","Grass","No aplica",70,85,65,105,85,120,3,"False"
"276",276,"Mega Sceptile","Grass","Dragon",70,110,75,145,85,145,3,"False"
"277",277,"Torchic","Fire","No aplica",45,60,40,70,50,45,3,"False"
"278",278,"Combusken","Fire","Fighting",60,85,60,85,60,55,3,"False"
"279",279,"Blaziken","Fire","Fighting",80,120,70,110,70,80,3,"False"
"280",280,"Mega Blaziken","Fire","Fighting",80,160,80,130,80,100,3,"False"
"281",281,"Mudkip","Water","No aplica",50,70,50,50,50,40,3,"False"
"282",282,"Marshtomp","Water","Ground",70,85,70,60,70,50,3,"False"
"283",283,"Swampert","Water","Ground",100,110,90,85,90,60,3,"False"
"284",284,"Mega Swampert","Water","Ground",100,150,110,95,110,70,3,"False"
"285",285,"Poochyena","Dark","No aplica",35,55,35,30,30,35,3,"False"
"286",286,"Mightyena","Dark","No aplica",70,90,70,60,60,70,3,"False"
"287",287,"Zigzagoon","Normal","No aplica",38,30,41,30,41,60,3,"False"
"288",288,"Linoone","Normal","No aplica",78,70,61,50,61,100,3,"False"
"289",289,"Wurmple","Bug","No aplica",45,45,35,20,30,20,3,"False"
"290",290,"Silcoon","Bug","No aplica",50,35,55,25,25,15,3,"False"
"291",291,"Beautifly","Bug","Flying",60,70,50,100,50,65,3,"False"
"292",292,"Cascoon","Bug","No aplica",50,35,55,25,25,15,3,"False"
"293",293,"Dustox","Bug","Poison",60,50,70,50,90,65,3,"False"
"294",294,"Lotad","Water","Grass",40,30,30,40,50,30,3,"False"
"295",295,"Lombre","Water","Grass",60,50,50,60,70,50,3,"False"
"296",296,"Ludicolo","Water","Grass",80,70,70,90,100,70,3,"False"
"297",297,"Seedot","Grass","No aplica",40,40,50,30,30,30,3,"False"
"298",298,"Nuzleaf","Grass","Dark",70,70,40,60,40,60,3,"False"
"299",299,"Shiftry","Grass","Dark",90,100,60,90,60,80,3,"False"
"300",300,"Taillow","Normal","Flying",40,55,30,30,30,85,3,"False"
"301",301,"Swellow","Normal","Flying",60,85,60,50,50,125,3,"False"
"302",302,"Wingull","Water","Flying",40,30,30,55,30,85,3,"False"
"303",303,"Pelipper","Water","Flying",60,50,100,85,70,65,3,"False"
"304",304,"Ralts","Psychic","Fairy",28,25,25,45,35,40,3,"False"
"305",305,"Kirlia","Psychic","Fairy",38,35,35,65,55,50,3,"False"
"306",306,"Gardevoir","Psychic","Fairy",68,65,65,125,115,80,3,"False"
"307",307,"Mega Gardevoir","Psychic","Fairy",68,85,65,165,135,100,3,"False"
"308",308,"Surskit","Bug","Water",40,30,32,50,52,65,3,"False"
"309",309,"Masquerain","Bug","Flying",70,60,62,80,82,60,3,"False"
"310",310,"Shroomish","Grass","No aplica",60,40,60,40,60,35,3,"False"
"311",311,"Breloom","Grass","Fighting",60,130,80,60,60,70,3,"False"
"312",312,"Slakoth","Normal","No aplica",60,60,60,35,35,30,3,"False"
"313",313,"Vigoroth","Normal","No aplica",80,80,80,55,55,90,3,"False"
"314",314,"Slaking","Normal","No aplica",150,160,100,95,65,100,3,"False"
"315",315,"Nincada","Bug","Ground",31,45,90,30,30,40,3,"False"
"316",316,"Ninjask","Bug","Flying",61,90,45,50,50,160,3,"False"
"317",317,"Shedinja","Bug","Ghost",1,90,45,30,30,40,3,"False"
"318",318,"Whismur","Normal","No aplica",64,51,23,51,23,28,3,"False"
"319",319,"Loudred","Normal","No aplica",84,71,43,71,43,48,3,"False"
"320",320,"Exploud","Normal","No aplica",104,91,63,91,73,68,3,"False"
"321",321,"Makuhita","Fighting","No aplica",72,60,30,20,30,25,3,"False"
"322",322,"Hariyama","Fighting","No aplica",144,120,60,40,60,50,3,"False"
"323",323,"Azurill","Normal","Fairy",50,20,40,20,40,20,3,"False"
"324",324,"Nosepass","Rock","No aplica",30,45,135,45,90,30,3,"False"
"325",325,"Skitty","Normal","No aplica",50,45,45,35,35,50,3,"False"
"326",326,"Delcatty","Normal","No aplica",70,65,65,55,55,70,3,"False"
"327",327,"Sableye","Dark","Ghost",50,75,75,65,65,50,3,"False"
"328",328,"Mega Sableye","Dark","Ghost",50,85,125,85,115,20,3,"False"
"329",329,"Mawile","Steel","Fairy",50,85,85,55,55,50,3,"False"
"330",330,"Mega Mawile","Steel","Fairy",50,105,125,55,95,50,3,"False"
"331",331,"Aron","Steel","Rock",50,70,100,40,40,30,3,"False"
"332",332,"Lairon","Steel","Rock",60,90,140,50,50,40,3,"False"
"333",333,"Aggron","Steel","Rock",70,110,180,60,60,50,3,"False"
"334",334,"Mega Aggron","Steel","No aplica",70,140,230,60,80,50,3,"False"
"335",335,"Meditite","Fighting","Psychic",30,40,55,40,55,60,3,"False"
"336",336,"Medicham","Fighting","Psychic",60,60,75,60,75,80,3,"False"
"337",337,"Mega Medicham","Fighting","Psychic",60,100,85,80,85,100,3,"False"
"338",338,"Electrike","Electric","No aplica",40,45,40,65,40,65,3,"False"
"339",339,"Manectric","Electric","No aplica",70,75,60,105,60,105,3,"False"
"340",340,"Mega Manectric","Electric","No aplica",70,75,80,135,80,135,3,"False"
"341",341,"Plusle","Electric","No aplica",60,50,40,85,75,95,3,"False"
"342",342,"Minun","Electric","No aplica",60,40,50,75,85,95,3,"False"
"343",343,"Volbeat","Bug","No aplica",65,73,55,47,75,85,3,"False"
"344",344,"Illumise","Bug","No aplica",65,47,55,73,75,85,3,"False"
"345",345,"Roselia","Grass","Poison",50,60,45,100,80,65,3,"False"
"346",346,"Gulpin","Poison","No aplica",70,43,53,43,53,40,3,"False"
"347",347,"Swalot","Poison","No aplica",100,73,83,73,83,55,3,"False"
"348",348,"Carvanha","Water","Dark",45,90,20,65,20,65,3,"False"
"349",349,"Sharpedo","Water","Dark",70,120,40,95,40,95,3,"False"
"350",350,"Mega Sharpedo","Water","Dark",70,140,70,110,65,105,3,"False"
"351",351,"Wailmer","Water","No aplica",130,70,35,70,35,60,3,"False"
"352",352,"Wailord","Water","No aplica",170,90,45,90,45,60,3,"False"
"353",353,"Numel","Fire","Ground",60,60,40,65,45,35,3,"False"
"354",354,"Camerupt","Fire","Ground",70,100,70,105,75,40,3,"False"
"355",355,"Mega Camerupt","Fire","Ground",70,120,100,145,105,20,3,"False"
"356",356,"Torkoal","Fire","No aplica",70,85,140,85,70,20,3,"False"
"357",357,"Spoink","Psychic","No aplica",60,25,35,70,80,60,3,"False"
"358",358,"Grumpig","Psychic","No aplica",80,45,65,90,110,80,3,"False"
"359",359,"Spinda","Normal","No aplica",60,60,60,60,60,60,3,"False"
"360",360,"Trapinch","Ground","No aplica",45,100,45,45,45,10,3,"False"
"361",361,"Vibrava","Ground","Dragon",50,70,50,50,50,70,3,"False"
"362",362,"Flygon","Ground","Dragon",80,100,80,80,80,100,3,"False"
"363",363,"Cacnea","Grass","No aplica",50,85,40,85,40,35,3,"False"
"364",364,"Cacturne","Grass","Dark",70,115,60,115,60,55,3,"False"
"365",365,"Swablu","Normal","Flying",45,40,60,40,75,50,3,"False"
"366",366,"Altaria","Dragon","Flying",75,70,90,70,105,80,3,"False"
"367",367,"Mega Altaria","Dragon","Fairy",75,110,110,110,105,80,3,"False"
"368",368,"Zangoose","Normal","No aplica",73,115,60,60,60,90,3,"False"
"369",369,"Seviper","Poison","No aplica",73,100,60,100,60,65,3,"False"
"370",370,"Lunatone","Rock","Psychic",70,55,65,95,85,70,3,"False"
"371",371,"Solrock","Rock","Psychic",70,95,85,55,65,70,3,"False"
"372",372,"Barboach","Water","Ground",50,48,43,46,41,60,3,"False"
"373",373,"Whiscash","Water","Ground",110,78,73,76,71,60,3,"False"
"374",374,"Corphish","Water","No aplica",43,80,65,50,35,35,3,"False"
"375",375,"Crawdaunt","Water","Dark",63,120,85,90,55,55,3,"False"
"376",376,"Baltoy","Ground","Psychic",40,40,55,40,70,55,3,"False"
"377",377,"Claydol","Ground","Psychic",60,70,105,70,120,75,3,"False"
"378",378,"Lileep","Rock","Grass",66,41,77,61,87,23,3,"False"
"379",379,"Cradily","Rock","Grass",86,81,97,81,107,43,3,"False"
"380",380,"Anorith","Rock","Bug",45,95,50,40,50,75,3,"False"
"381",381,"Armaldo","Rock","Bug",75,125,100,70,80,45,3,"False"
"382",382,"Feebas","Water","No aplica",20,15,20,10,55,80,3,"False"
"383",383,"Milotic","Water","No aplica",95,60,79,100,125,81,3,"False"
"384",384,"Castform","Normal","No aplica",70,70,70,70,70,70,3,"False"
"385",385,"Kecleon","Normal","No aplica",60,90,70,60,120,40,3,"False"
"386",386,"Shuppet","Ghost","No aplica",44,75,35,63,33,45,3,"False"
"387",387,"Banette","Ghost","No aplica",64,115,65,83,63,65,3,"False"
"388",388,"Mega Banette","Ghost","No aplica",64,165,75,93,83,75,3,"False"
"389",389,"Duskull","Ghost","No aplica",20,40,90,30,90,25,3,"False"
"390",390,"Dusclops","Ghost","No aplica",40,70,130,60,130,25,3,"False"
"391",391,"Tropius","Grass","Flying",99,68,83,72,87,51,3,"False"
"392",392,"Chimecho","Psychic","No aplica",65,50,70,95,80,65,3,"False"
"393",393,"Absol","Dark","No aplica",65,130,60,75,60,75,3,"False"
"394",394,"Mega Absol","Dark","No aplica",65,150,60,115,60,115,3,"False"
"395",395,"Wynaut","Psychic","No aplica",95,23,48,23,48,23,3,"False"
"396",396,"Snorunt","Ice","No aplica",50,50,50,50,50,50,3,"False"
"397",397,"Glalie","Ice","No aplica",80,80,80,80,80,80,3,"False"
"398",398,"Mega Glalie","Ice","No aplica",80,120,80,120,80,100,3,"False"
"399",399,"Spheal","Ice","Water",70,40,50,55,50,25,3,"False"
"400",400,"Sealeo","Ice","Water",90,60,70,75,70,45,3,"False"
"401",401,"Walrein","Ice","Water",110,80,90,95,90,65,3,"False"
"402",402,"Clamperl","Water","No aplica",35,64,85,74,55,32,3,"False"
"403",403,"Huntail","Water","No aplica",55,104,105,94,75,52,3,"False"
"404",404,"Gorebyss","Water","No aplica",55,84,105,114,75,52,3,"False"
"405",405,"Relicanth","Water","Rock",100,90,130,45,65,55,3,"False"
"406",406,"Luvdisc","Water","No aplica",43,30,55,40,65,97,3,"False"
"407",407,"Bagon","Dragon","No aplica",45,75,60,40,30,50,3,"False"
"408",408,"Shelgon","Dragon","No aplica",65,95,100,60,50,50,3,"False"
"409",409,"Salamence","Dragon","Flying",95,135,80,110,80,100,3,"False"
"410",410,"Mega Salamence","Dragon","Flying",95,145,130,120,90,120,3,"False"
"411",411,"Beldum","Steel","Psychic",40,55,80,35,60,30,3,"False"
"412",412,"Metang","Steel","Psychic",60,75,100,55,80,50,3,"False"
"413",413,"Metagross","Steel","Psychic",80,135,130,95,90,70,3,"False"
"414",414,"Mega Metagross","Steel","Psychic",80,145,150,105,110,110,3,"False"
"415",415,"Regirock","Rock","No aplica",80,100,200,50,100,50,3,"True"
"416",416,"Regice","Ice","No aplica",80,50,100,100,200,50,3,"True"
"417",417,"Registeel","Steel","No aplica",80,75,150,75,150,50,3,"True"
"418",418,"Latias","Dragon","Psychic",80,80,90,110,130,110,3,"True"
"419",419,"Mega Latias","Dragon","Psychic",80,100,120,140,150,110,3,"True"
"420",420,"Latios","Dragon","Psychic",80,90,80,130,110,110,3,"True"
"421",421,"Mega Latios","Dragon","Psychic",80,130,100,160,120,110,3,"True"
"422",422,"Kyogre","Water","No aplica",100,100,90,150,140,90,3,"True"
"423",423,"Primal Kyogre","Water","No aplica",100,150,90,180,160,90,3,"True"
"424",424,"Groudon","Ground","No aplica",100,150,140,100,90,90,3,"True"
"425",425,"Primal Groudon","Ground","Fire",100,180,160,150,90,90,3,"True"
"426",426,"Rayquaza","Dragon","Flying",105,150,90,150,90,95,3,"True"
"427",427,"Mega Rayquaza","Dragon","Flying",105,180,100,180,100,115,3,"True"
"428",428,"Jirachi","Steel","Psychic",100,100,100,100,100,100,3,"True"
"429",429,"Deoxys Normal Forme","Psychic","No aplica",50,150,50,150,50,150,3,"True"
"430",430,"DeoxysAttack Forme","Psychic","No aplica",50,180,20,180,20,150,3,"True"
"431",431,"Deoxys Defense Forme","Psychic","No aplica",50,70,160,70,160,90,3,"True"
"432",432,"Deoxys Speed Forme","Psychic","No aplica",50,95,90,95,90,180,3,"True"
"433",433,"Turtwig","Grass","No aplica",55,68,64,45,55,31,4,"False"
"434",434,"Grotle","Grass","No aplica",75,89,85,55,65,36,4,"False"
"435",435,"Torterra","Grass","Ground",95,109,105,75,85,56,4,"False"
"436",436,"Chimchar","Fire","No aplica",44,58,44,58,44,61,4,"False"
"437",437,"Monferno","Fire","Fighting",64,78,52,78,52,81,4,"False"
"438",438,"Infernape","Fire","Fighting",76,104,71,104,71,108,4,"False"
"439",439,"Piplup","Water","No aplica",53,51,53,61,56,40,4,"False"
"440",440,"Prinplup","Water","No aplica",64,66,68,81,76,50,4,"False"
"441",441,"Empoleon","Water","Steel",84,86,88,111,101,60,4,"False"
"442",442,"Starly","Normal","Flying",40,55,30,30,30,60,4,"False"
"443",443,"Staravia","Normal","Flying",55,75,50,40,40,80,4,"False"
"444",444,"Staraptor","Normal","Flying",85,120,70,50,60,100,4,"False"
"445",445,"Bidoof","Normal","No aplica",59,45,40,35,40,31,4,"False"
"446",446,"Bibarel","Normal","Water",79,85,60,55,60,71,4,"False"
"447",447,"Kricketot","Bug","No aplica",37,25,41,25,41,25,4,"False"
"448",448,"Kricketune","Bug","No aplica",77,85,51,55,51,65,4,"False"
"449",449,"Shinx","Electric","No aplica",45,65,34,40,34,45,4,"False"
"450",450,"Luxio","Electric","No aplica",60,85,49,60,49,60,4,"False"
"451",451,"Luxray","Electric","No aplica",80,120,79,95,79,70,4,"False"
"452",452,"Budew","Grass","Poison",40,30,35,50,70,55,4,"False"
"453",453,"Roserade","Grass","Poison",60,70,65,125,105,90,4,"False"
"454",454,"Cranidos","Rock","No aplica",67,125,40,30,30,58,4,"False"
"455",455,"Rampardos","Rock","No aplica",97,165,60,65,50,58,4,"False"
"456",456,"Shieldon","Rock","Steel",30,42,118,42,88,30,4,"False"
"457",457,"Bastiodon","Rock","Steel",60,52,168,47,138,30,4,"False"
"458",458,"Burmy","Bug","No aplica",40,29,45,29,45,36,4,"False"
"459",459,"Wormadam Plant Cloak","Bug","Grass",60,59,85,79,105,36,4,"False"
"460",460,"Wormadam Sandy Cloak","Bug","Ground",60,79,105,59,85,36,4,"False"
"461",461,"Wormadam Trash Cloak","Bug","Steel",60,69,95,69,95,36,4,"False"
"462",462,"Mothim","Bug","Flying",70,94,50,94,50,66,4,"False"
"463",463,"Combee","Bug","Flying",30,30,42,30,42,70,4,"False"
"464",464,"Vespiquen","Bug","Flying",70,80,102,80,102,40,4,"False"
"465",465,"Pachirisu","Electric","No aplica",60,45,70,45,90,95,4,"False"
"466",466,"Buizel","Water","No aplica",55,65,35,60,30,85,4,"False"
"467",467,"Floatzel","Water","No aplica",85,105,55,85,50,115,4,"False"
"468",468,"Cherubi","Grass","No aplica",45,35,45,62,53,35,4,"False"
"469",469,"Cherrim","Grass","No aplica",70,60,70,87,78,85,4,"False"
"470",470,"Shellos","Water","No aplica",76,48,48,57,62,34,4,"False"
"471",471,"Gastrodon","Water","Ground",111,83,68,92,82,39,4,"False"
"472",472,"Ambipom","Normal","No aplica",75,100,66,60,66,115,4,"False"
"473",473,"Drifloon","Ghost","Flying",90,50,34,60,44,70,4,"False"
"474",474,"Drifblim","Ghost","Flying",150,80,44,90,54,80,4,"False"
"475",475,"Buneary","Normal","No aplica",55,66,44,44,56,85,4,"False"
"476",476,"Lopunny","Normal","No aplica",65,76,84,54,96,105,4,"False"
"477",477,"Mega Lopunny","Normal","Fighting",65,136,94,54,96,135,4,"False"
"478",478,"Mismagius","Ghost","No aplica",60,60,60,105,105,105,4,"False"
"479",479,"Honchkrow","Dark","Flying",100,125,52,105,52,71,4,"False"
"480",480,"Glameow","Normal","No aplica",49,55,42,42,37,85,4,"False"
"481",481,"Purugly","Normal","No aplica",71,82,64,64,59,112,4,"False"
"482",482,"Chingling","Psychic","No aplica",45,30,50,65,50,45,4,"False"
"483",483,"Stunky","Poison","Dark",63,63,47,41,41,74,4,"False"
"484",484,"Skuntank","Poison","Dark",103,93,67,71,61,84,4,"False"
"485",485,"Bronzor","Steel","Psychic",57,24,86,24,86,23,4,"False"
"486",486,"Bronzong","Steel","Psychic",67,89,116,79,116,33,4,"False"
"487",487,"Bonsly","Rock","No aplica",50,80,95,10,45,10,4,"False"
"488",488,"Mime Jr.","Psychic","Fairy",20,25,45,70,90,60,4,"False"
"489",489,"Happiny","Normal","No aplica",100,5,5,15,65,30,4,"False"
"490",490,"Chatot","Normal","Flying",76,65,45,92,42,91,4,"False"
"491",491,"Spiritomb","Ghost","Dark",50,92,108,92,108,35,4,"False"
"492",492,"Gible","Dragon","Ground",58,70,45,40,45,42,4,"False"
"493",493,"Gabite","Dragon","Ground",68,90,65,50,55,82,4,"False"
"494",494,"Garchomp","Dragon","Ground",108,130,95,80,85,102,4,"False"
"495",495,"Mega Garchomp","Dragon","Ground",108,170,115,120,95,92,4,"False"
"496",496,"Munchlax","Normal","No aplica",135,85,40,40,85,5,4,"False"
"497",497,"Riolu","Fighting","No aplica",40,70,40,35,40,60,4,"False"
"498",498,"Lucario","Fighting","Steel",70,110,70,115,70,90,4,"False"
"499",499,"Mega Lucario","Fighting","Steel",70,145,88,140,70,112,4,"False"
"500",500,"Hippopotas","Ground","No aplica",68,72,78,38,42,32,4,"False"
"501",501,"Hippowdon","Ground","No aplica",108,112,118,68,72,47,4,"False"
"502",502,"Skorupi","Poison","Bug",40,50,90,30,55,65,4,"False"
"503",503,"Drapion","Poison","Dark",70,90,110,60,75,95,4,"False"
"504",504,"Croagunk","Poison","Fighting",48,61,40,61,40,50,4,"False"
"505",505,"Toxicroak","Poison","Fighting",83,106,65,86,65,85,4,"False"
"506",506,"Carnivine","Grass","No aplica",74,100,72,90,72,46,4,"False"
"507",507,"Finneon","Water","No aplica",49,49,56,49,61,66,4,"False"
"508",508,"Lumineon","Water","No aplica",69,69,76,69,86,91,4,"False"
"509",509,"Mantyke","Water","Flying",45,20,50,60,120,50,4,"False"
"510",510,"Snover","Grass","Ice",60,62,50,62,60,40,4,"False"
"511",511,"Abomasnow","Grass","Ice",90,92,75,92,85,60,4,"False"
"512",512,"Mega Abomasnow","Grass","Ice",90,132,105,132,105,30,4,"False"
"513",513,"Weavile","Dark","Ice",70,120,65,45,85,125,4,"False"
"514",514,"Magnezone","Electric","Steel",70,70,115,130,90,60,4,"False"
"515",515,"Lickilicky","Normal","No aplica",110,85,95,80,95,50,4,"False"
"516",516,"Rhyperior","Ground","Rock",115,140,130,55,55,40,4,"False"
"517",517,"Tangrowth","Grass","No aplica",100,100,125,110,50,50,4,"False"
"518",518,"Electivire","Electric","No aplica",75,123,67,95,85,95,4,"False"
"519",519,"Magmortar","Fire","No aplica",75,95,67,125,95,83,4,"False"
"520",520,"Togekiss","Fairy","Flying",85,50,95,120,115,80,4,"False"
"521",521,"Yanmega","Bug","Flying",86,76,86,116,56,95,4,"False"
"522",522,"Leafeon","Grass","No aplica",65,110,130,60,65,95,4,"False"
"523",523,"Glaceon","Ice","No aplica",65,60,110,130,95,65,4,"False"
"524",524,"Gliscor","Ground","Flying",75,95,125,45,75,95,4,"False"
"525",525,"Mamoswine","Ice","Ground",110,130,80,70,60,80,4,"False"
"526",526,"Porygon-Z","Normal","No aplica",85,80,70,135,75,90,4,"False"
"527",527,"Gallade","Psychic","Fighting",68,125,65,65,115,80,4,"False"
"528",528,"Mega Gallade","Psychic","Fighting",68,165,95,65,115,110,4,"False"
"529",529,"Probopass","Rock","Steel",60,55,145,75,150,40,4,"False"
"530",530,"Dusknoir","Ghost","No aplica",45,100,135,65,135,45,4,"False"
"531",531,"Froslass","Ice","Ghost",70,80,70,80,70,110,4,"False"
"532",532,"Rotom","Electric","Ghost",50,50,77,95,77,91,4,"False"
"533",533,"Heat Rotom","Electric","Fire",50,65,107,105,107,86,4,"False"
"534",534,"Wash Rotom","Electric","Water",50,65,107,105,107,86,4,"False"
"535",535,"Frost Rotom","Electric","Ice",50,65,107,105,107,86,4,"False"
"536",536,"Fan Rotom","Electric","Flying",50,65,107,105,107,86,4,"False"
"537",537,"Mow Rotom","Electric","Grass",50,65,107,105,107,86,4,"False"
"538",538,"Uxie","Psychic","No aplica",75,75,130,75,130,95,4,"True"
"539",539,"Mesprit","Psychic","No aplica",80,105,105,105,105,80,4,"True"
"540",540,"Azelf","Psychic","No aplica",75,125,70,125,70,115,4,"True"
"541",541,"Dialga","Steel","Dragon",100,120,120,150,100,90,4,"True"
"542",542,"Palkia","Water","Dragon",90,120,100,150,120,100,4,"True"
"543",543,"Heatran","Fire","Steel",91,90,106,130,106,77,4,"True"
"544",544,"Regigigas","Normal","No aplica",110,160,110,80,110,100,4,"True"
"545",545,"Giratina Altered Forme","Ghost","Dragon",150,100,120,100,120,90,4,"True"
"546",546,"Giratina Origin Forme","Ghost","Dragon",150,120,100,120,100,90,4,"True"
"547",547,"Cresselia","Psychic","No aplica",120,70,120,75,130,85,4,"False"
"548",548,"Phione","Water","No aplica",80,80,80,80,80,80,4,"False"
"549",549,"Manaphy","Water","No aplica",100,100,100,100,100,100,4,"False"
"550",550,"Darkrai","Dark","No aplica",70,90,90,135,90,125,4,"True"
"551",551,"Shaymin Land Forme","Grass","No aplica",100,100,100,100,100,100,4,"True"
"552",552,"Shaymin Sky Forme","Grass","Flying",100,103,75,120,75,127,4,"True"
"553",553,"Arceus","Normal","No aplica",120,120,120,120,120,120,4,"True"
"554",554,"Victini","Psychic","Fire",100,100,100,100,100,100,5,"True"
"555",555,"Snivy","Grass","No aplica",45,45,55,45,55,63,5,"False"
"556",556,"Servine","Grass","No aplica",60,60,75,60,75,83,5,"False"
"557",557,"Serperior","Grass","No aplica",75,75,95,75,95,113,5,"False"
"558",558,"Tepig","Fire","No aplica",65,63,45,45,45,45,5,"False"
"559",559,"Pignite","Fire","Fighting",90,93,55,70,55,55,5,"False"
"560",560,"Emboar","Fire","Fighting",110,123,65,100,65,65,5,"False"
"561",561,"Oshawott","Water","No aplica",55,55,45,63,45,45,5,"False"
"562",562,"Dewott","Water","No aplica",75,75,60,83,60,60,5,"False"
"563",563,"Samurott","Water","No aplica",95,100,85,108,70,70,5,"False"
"564",564,"Patrat","Normal","No aplica",45,55,39,35,39,42,5,"False"
"565",565,"Watchog","Normal","No aplica",60,85,69,60,69,77,5,"False"
"566",566,"Lillipup","Normal","No aplica",45,60,45,25,45,55,5,"False"
"567",567,"Herdier","Normal","No aplica",65,80,65,35,65,60,5,"False"
"568",568,"Stoutland","Normal","No aplica",85,110,90,45,90,80,5,"False"
"569",569,"Purrloin","Dark","No aplica",41,50,37,50,37,66,5,"False"
"570",570,"Liepard","Dark","No aplica",64,88,50,88,50,106,5,"False"
"571",571,"Pansage","Grass","No aplica",50,53,48,53,48,64,5,"False"
"572",572,"Simisage","Grass","No aplica",75,98,63,98,63,101,5,"False"
"573",573,"Pansear","Fire","No aplica",50,53,48,53,48,64,5,"False"
"574",574,"Simisear","Fire","No aplica",75,98,63,98,63,101,5,"False"
"575",575,"Panpour","Water","No aplica",50,53,48,53,48,64,5,"False"
"576",576,"Simipour","Water","No aplica",75,98,63,98,63,101,5,"False"
"577",577,"Munna","Psychic","No aplica",76,25,45,67,55,24,5,"False"
"578",578,"Musharna","Psychic","No aplica",116,55,85,107,95,29,5,"False"
"579",579,"Pidove","Normal","Flying",50,55,50,36,30,43,5,"False"
"580",580,"Tranquill","Normal","Flying",62,77,62,50,42,65,5,"False"
"581",581,"Unfezant","Normal","Flying",80,115,80,65,55,93,5,"False"
"582",582,"Blitzle","Electric","No aplica",45,60,32,50,32,76,5,"False"
"583",583,"Zebstrika","Electric","No aplica",75,100,63,80,63,116,5,"False"
"584",584,"Roggenrola","Rock","No aplica",55,75,85,25,25,15,5,"False"
"585",585,"Boldore","Rock","No aplica",70,105,105,50,40,20,5,"False"
"586",586,"Gigalith","Rock","No aplica",85,135,130,60,80,25,5,"False"
"587",587,"Woobat","Psychic","Flying",55,45,43,55,43,72,5,"False"
"588",588,"Swoobat","Psychic","Flying",67,57,55,77,55,114,5,"False"
"589",589,"Drilbur","Ground","No aplica",60,85,40,30,45,68,5,"False"
"590",590,"Excadrill","Ground","Steel",110,135,60,50,65,88,5,"False"
"591",591,"Audino","Normal","No aplica",103,60,86,60,86,50,5,"False"
"592",592,"Mega Audino","Normal","Fairy",103,60,126,80,126,50,5,"False"
"593",593,"Timburr","Fighting","No aplica",75,80,55,25,35,35,5,"False"
"594",594,"Gurdurr","Fighting","No aplica",85,105,85,40,50,40,5,"False"
"595",595,"Conkeldurr","Fighting","No aplica",105,140,95,55,65,45,5,"False"
"596",596,"Tympole","Water","No aplica",50,50,40,50,40,64,5,"False"
"597",597,"Palpitoad","Water","Ground",75,65,55,65,55,69,5,"False"
"598",598,"Seismitoad","Water","Ground",105,95,75,85,75,74,5,"False"
"599",599,"Throh","Fighting","No aplica",120,100,85,30,85,45,5,"False"
"600",600,"Sawk","Fighting","No aplica",75,125,75,30,75,85,5,"False"
"601",601,"Sewaddle","Bug","Grass",45,53,70,40,60,42,5,"False"
"602",602,"Swadloon","Bug","Grass",55,63,90,50,80,42,5,"False"
"603",603,"Leavanny","Bug","Grass",75,103,80,70,80,92,5,"False"
"604",604,"Venipede","Bug","Poison",30,45,59,30,39,57,5,"False"
"605",605,"Whirlipede","Bug","Poison",40,55,99,40,79,47,5,"False"
"606",606,"Scolipede","Bug","Poison",60,100,89,55,69,112,5,"False"
"607",607,"Cottonee","Grass","Fairy",40,27,60,37,50,66,5,"False"
"608",608,"Whimsicott","Grass","Fairy",60,67,85,77,75,116,5,"False"
"609",609,"Petilil","Grass","No aplica",45,35,50,70,50,30,5,"False"
"610",610,"Lilligant","Grass","No aplica",70,60,75,110,75,90,5,"False"
"611",611,"Basculin","Water","No aplica",70,92,65,80,55,98,5,"False"
"612",612,"Sandile","Ground","Dark",50,72,35,35,35,65,5,"False"
"613",613,"Krokorok","Ground","Dark",60,82,45,45,45,74,5,"False"
"614",614,"Krookodile","Ground","Dark",95,117,80,65,70,92,5,"False"
"615",615,"Darumaka","Fire","No aplica",70,90,45,15,45,50,5,"False"
"616",616,"Darmanitan Standard Mode","Fire","No aplica",105,140,55,30,55,95,5,"False"
"617",617,"Darmanitan Zen Mode","Fire","Psychic",105,30,105,140,105,55,5,"False"
"618",618,"Maractus","Grass","No aplica",75,86,67,106,67,60,5,"False"
"619",619,"Dwebble","Bug","Rock",50,65,85,35,35,55,5,"False"
"620",620,"Crustle","Bug","Rock",70,95,125,65,75,45,5,"False"
"621",621,"Scraggy","Dark","Fighting",50,75,70,35,70,48,5,"False"
"622",622,"Scrafty","Dark","Fighting",65,90,115,45,115,58,5,"False"
"623",623,"Sigilyph","Psychic","Flying",72,58,80,103,80,97,5,"False"
"624",624,"Yamask","Ghost","No aplica",38,30,85,55,65,30,5,"False"
"625",625,"Cofagrigus","Ghost","No aplica",58,50,145,95,105,30,5,"False"
"626",626,"Tirtouga","Water","Rock",54,78,103,53,45,22,5,"False"
"627",627,"Carracosta","Water","Rock",74,108,133,83,65,32,5,"False"
"628",628,"Archen","Rock","Flying",55,112,45,74,45,70,5,"False"
"629",629,"Archeops","Rock","Flying",75,140,65,112,65,110,5,"False"
"630",630,"Trubbish","Poison","No aplica",50,50,62,40,62,65,5,"False"
"631",631,"Garbodor","Poison","No aplica",80,95,82,60,82,75,5,"False"
"632",632,"Zorua","Dark","No aplica",40,65,40,80,40,65,5,"False"
"633",633,"Zoroark","Dark","No aplica",60,105,60,120,60,105,5,"False"
"634",634,"Minccino","Normal","No aplica",55,50,40,40,40,75,5,"False"
"635",635,"Cinccino","Normal","No aplica",75,95,60,65,60,115,5,"False"
"636",636,"Gothita","Psychic","No aplica",45,30,50,55,65,45,5,"False"
"637",637,"Gothorita","Psychic","No aplica",60,45,70,75,85,55,5,"False"
"638",638,"Gothitelle","Psychic","No aplica",70,55,95,95,110,65,5,"False"
"639",639,"Solosis","Psychic","No aplica",45,30,40,105,50,20,5,"False"
"640",640,"Duosion","Psychic","No aplica",65,40,50,125,60,30,5,"False"
"641",641,"Reuniclus","Psychic","No aplica",110,65,75,125,85,30,5,"False"
"642",642,"Ducklett","Water","Flying",62,44,50,44,50,55,5,"False"
"643",643,"Swanna","Water","Flying",75,87,63,87,63,98,5,"False"
"644",644,"Vanillite","Ice","No aplica",36,50,50,65,60,44,5,"False"
"645",645,"Vanillish","Ice","No aplica",51,65,65,80,75,59,5,"False"
"646",646,"Vanilluxe","Ice","No aplica",71,95,85,110,95,79,5,"False"
"647",647,"Deerling","Normal","Grass",60,60,50,40,50,75,5,"False"
"648",648,"Sawsbuck","Normal","Grass",80,100,70,60,70,95,5,"False"
"649",649,"Emolga","Electric","Flying",55,75,60,75,60,103,5,"False"
"650",650,"Karrablast","Bug","No aplica",50,75,45,40,45,60,5,"False"
"651",651,"Escavalier","Bug","Steel",70,135,105,60,105,20,5,"False"
"652",652,"Foongus","Grass","Poison",69,55,45,55,55,15,5,"False"
"653",653,"Amoonguss","Grass","Poison",114,85,70,85,80,30,5,"False"
"654",654,"Frillish","Water","Ghost",55,40,50,65,85,40,5,"False"
"655",655,"Jellicent","Water","Ghost",100,60,70,85,105,60,5,"False"
"656",656,"Alomomola","Water","No aplica",165,75,80,40,45,65,5,"False"
"657",657,"Joltik","Bug","Electric",50,47,50,57,50,65,5,"False"
"658",658,"Galvantula","Bug","Electric",70,77,60,97,60,108,5,"False"
"659",659,"Ferroseed","Grass","Steel",44,50,91,24,86,10,5,"False"
"660",660,"Ferrothorn","Grass","Steel",74,94,131,54,116,20,5,"False"
"661",661,"Klink","Steel","No aplica",40,55,70,45,60,30,5,"False"
"662",662,"Klang","Steel","No aplica",60,80,95,70,85,50,5,"False"
"663",663,"Klinklang","Steel","No aplica",60,100,115,70,85,90,5,"False"
"664",664,"Tynamo","Electric","No aplica",35,55,40,45,40,60,5,"False"
"665",665,"Eelektrik","Electric","No aplica",65,85,70,75,70,40,5,"False"
"666",666,"Eelektross","Electric","No aplica",85,115,80,105,80,50,5,"False"
"667",667,"Elgyem","Psychic","No aplica",55,55,55,85,55,30,5,"False"
"668",668,"Beheeyem","Psychic","No aplica",75,75,75,125,95,40,5,"False"
"669",669,"Litwick","Ghost","Fire",50,30,55,65,55,20,5,"False"
"670",670,"Lampent","Ghost","Fire",60,40,60,95,60,55,5,"False"
"671",671,"Chandelure","Ghost","Fire",60,55,90,145,90,80,5,"False"
"672",672,"Axew","Dragon","No aplica",46,87,60,30,40,57,5,"False"
"673",673,"Fraxure","Dragon","No aplica",66,117,70,40,50,67,5,"False"
"674",674,"Haxorus","Dragon","No aplica",76,147,90,60,70,97,5,"False"
"675",675,"Cubchoo","Ice","No aplica",55,70,40,60,40,40,5,"False"
"676",676,"Beartic","Ice","No aplica",95,110,80,70,80,50,5,"False"
"677",677,"Cryogonal","Ice","No aplica",70,50,30,95,135,105,5,"False"
"678",678,"Shelmet","Bug","No aplica",50,40,85,40,65,25,5,"False"
"679",679,"Accelgor","Bug","No aplica",80,70,40,100,60,145,5,"False"
"680",680,"Stunfisk","Ground","Electric",109,66,84,81,99,32,5,"False"
"681",681,"Mienfoo","Fighting","No aplica",45,85,50,55,50,65,5,"False"
"682",682,"Mienshao","Fighting","No aplica",65,125,60,95,60,105,5,"False"
"683",683,"Druddigon","Dragon","No aplica",77,120,90,60,90,48,5,"False"
"684",684,"Golett","Ground","Ghost",59,74,50,35,50,35,5,"False"
"685",685,"Golurk","Ground","Ghost",89,124,80,55,80,55,5,"False"
"686",686,"Pawniard","Dark","Steel",45,85,70,40,40,60,5,"False"
"687",687,"Bisharp","Dark","Steel",65,125,100,60,70,70,5,"False"
"688",688,"Bouffalant","Normal","No aplica",95,110,95,40,95,55,5,"False"
"689",689,"Rufflet","Normal","Flying",70,83,50,37,50,60,5,"False"
"690",690,"Braviary","Normal","Flying",100,123,75,57,75,80,5,"False"
"691",691,"Vullaby","Dark","Flying",70,55,75,45,65,60,5,"False"
"692",692,"Mandibuzz","Dark","Flying",110,65,105,55,95,80,5,"False"
"693",693,"Heatmor","Fire","No aplica",85,97,66,105,66,65,5,"False"
"694",694,"Durant","Bug","Steel",58,109,112,48,48,109,5,"False"
"695",695,"Deino","Dark","Dragon",52,65,50,45,50,38,5,"False"
"696",696,"Zweilous","Dark","Dragon",72,85,70,65,70,58,5,"False"
"697",697,"Hydreigon","Dark","Dragon",92,105,90,125,90,98,5,"False"
"698",698,"Larvesta","Bug","Fire",55,85,55,50,55,60,5,"False"
"699",699,"Volcarona","Bug","Fire",85,60,65,135,105,100,5,"False"
"700",700,"Cobalion","Steel","Fighting",91,90,129,90,72,108,5,"True"
"701",701,"Terrakion","Rock","Fighting",91,129,90,72,90,108,5,"True"
"702",702,"Virizion","Grass","Fighting",91,90,72,90,129,108,5,"True"
"703",703,"Tornadus Incarnate Forme","Flying","No aplica",79,115,70,125,80,111,5,"True"
"704",704,"Tornadus Therian Forme","Flying","No aplica",79,100,80,110,90,121,5,"True"
"705",705,"Thundurus Incarnate Forme","Electric","Flying",79,115,70,125,80,111,5,"True"
"706",706,"Thundurus Therian Forme","Electric","Flying",79,105,70,145,80,101,5,"True"
"707",707,"Reshiram","Dragon","Fire",100,120,100,150,120,90,5,"True"
"708",708,"Zekrom","Dragon","Electric",100,150,120,120,100,90,5,"True"
"709",709,"Landorus Incarnate Forme","Ground","Flying",89,125,90,115,80,101,5,"True"
"710",710,"Landorus Therian Forme","Ground","Flying",89,145,90,105,80,91,5,"True"
"711",711,"Kyurem","Dragon","Ice",125,130,90,130,90,95,5,"True"
"712",712,"Kyurem Black Kyurem","Dragon","Ice",125,170,100,120,90,95,5,"True"
"713",713,"Kyurem White Kyurem","Dragon","Ice",125,120,90,170,100,95,5,"True"
"714",714,"Keldeo Ordinary Forme","Water","Fighting",91,72,90,129,90,108,5,"False"
"715",715,"Keldeo Resolute Forme","Water","Fighting",91,72,90,129,90,108,5,"False"
"716",716,"Meloetta Aria Forme","Normal","Psychic",100,77,77,128,128,90,5,"False"
"717",717,"Meloetta Pirouette Forme","Normal","Fighting",100,128,90,77,77,128,5,"False"
"718",718,"Genesect","Bug","Steel",71,120,95,120,95,99,5,"False"
"719",719,"Chespin","Grass","No aplica",56,61,65,48,45,38,6,"False"
"720",720,"Quilladin","Grass","No aplica",61,78,95,56,58,57,6,"False"
"721",721,"Chesnaught","Grass","Fighting",88,107,122,74,75,64,6,"False"
"722",722,"Fennekin","Fire","No aplica",40,45,40,62,60,60,6,"False"
"723",723,"Braixen","Fire","No aplica",59,59,58,90,70,73,6,"False"
"724",724,"Delphox","Fire","Psychic",75,69,72,114,100,104,6,"False"
"725",725,"Froakie","Water","No aplica",41,56,40,62,44,71,6,"False"
"726",726,"Frogadier","Water","No aplica",54,63,52,83,56,97,6,"False"
"727",727,"Greninja","Water","Dark",72,95,67,103,71,122,6,"False"
"728",728,"Bunnelby","Normal","No aplica",38,36,38,32,36,57,6,"False"
"729",729,"Diggersby","Normal","Ground",85,56,77,50,77,78,6,"False"
"730",730,"Fletchling","Normal","Flying",45,50,43,40,38,62,6,"False"
"731",731,"Fletchinder","Fire","Flying",62,73,55,56,52,84,6,"False"
"732",732,"Talonflame","Fire","Flying",78,81,71,74,69,126,6,"False"
"733",733,"Scatterbug","Bug","No aplica",38,35,40,27,25,35,6,"False"
"734",734,"Spewpa","Bug","No aplica",45,22,60,27,30,29,6,"False"
"735",735,"Vivillon","Bug","Flying",80,52,50,90,50,89,6,"False"
"736",736,"Litleo","Fire","Normal",62,50,58,73,54,72,6,"False"
"737",737,"Pyroar","Fire","Normal",86,68,72,109,66,106,6,"False"
"738",738,"Flabb","Fairy","No aplica",44,38,39,61,79,42,6,"False"
"739",739,"Floette","Fairy","No aplica",54,45,47,75,98,52,6,"False"
"740",740,"Florges","Fairy","No aplica",78,65,68,112,154,75,6,"False"
"741",741,"Skiddo","Grass","No aplica",66,65,48,62,57,52,6,"False"
"742",742,"Gogoat","Grass","No aplica",123,100,62,97,81,68,6,"False"
"743",743,"Pancham","Fighting","No aplica",67,82,62,46,48,43,6,"False"
"744",744,"Pangoro","Fighting","Dark",95,124,78,69,71,58,6,"False"
"745",745,"Furfrou","Normal","No aplica",75,80,60,65,90,102,6,"False"
"746",746,"Espurr","Psychic","No aplica",62,48,54,63,60,68,6,"False"
"747",747,"Meowstic Male","Psychic","No aplica",74,48,76,83,81,104,6,"False"
"748",748,"Meowstic Female","Psychic","No aplica",74,48,76,83,81,104,6,"False"
"749",749,"Honedge","Steel","Ghost",45,80,100,35,37,28,6,"False"
"750",750,"Doublade","Steel","Ghost",59,110,150,45,49,35,6,"False"
"751",751,"Aegislash Blade Forme","Steel","Ghost",60,150,50,150,50,60,6,"False"
"752",752,"Aegislash Shield Forme","Steel","Ghost",60,50,150,50,150,60,6,"False"
"753",753,"Spritzee","Fairy","No aplica",78,52,60,63,65,23,6,"False"
"754",754,"Aromatisse","Fairy","No aplica",101,72,72,99,89,29,6,"False"
"755",755,"Swirlix","Fairy","No aplica",62,48,66,59,57,49,6,"False"
"756",756,"Slurpuff","Fairy","No aplica",82,80,86,85,75,72,6,"False"
"757",757,"Inkay","Dark","Psychic",53,54,53,37,46,45,6,"False"
"758",758,"Malamar","Dark","Psychic",86,92,88,68,75,73,6,"False"
"759",759,"Binacle","Rock","Water",42,52,67,39,56,50,6,"False"
"760",760,"Barbaracle","Rock","Water",72,105,115,54,86,68,6,"False"
"761",761,"Skrelp","Poison","Water",50,60,60,60,60,30,6,"False"
"762",762,"Dragalge","Poison","Dragon",65,75,90,97,123,44,6,"False"
"763",763,"Clauncher","Water","No aplica",50,53,62,58,63,44,6,"False"
"764",764,"Clawitzer","Water","No aplica",71,73,88,120,89,59,6,"False"
"765",765,"Helioptile","Electric","Normal",44,38,33,61,43,70,6,"False"
"766",766,"Heliolisk","Electric","Normal",62,55,52,109,94,109,6,"False"
"767",767,"Tyrunt","Rock","Dragon",58,89,77,45,45,48,6,"False"
"768",768,"Tyrantrum","Rock","Dragon",82,121,119,69,59,71,6,"False"
"769",769,"Amaura","Rock","Ice",77,59,50,67,63,46,6,"False"
"770",770,"Aurorus","Rock","Ice",123,77,72,99,92,58,6,"False"
"771",771,"Sylveon","Fairy","No aplica",95,65,65,110,130,60,6,"False"
"772",772,"Hawlucha","Fighting","Flying",78,92,75,74,63,118,6,"False"
"773",773,"Dedenne","Electric","Fairy",67,58,57,81,67,101,6,"False"
"774",774,"Carbink","Rock","Fairy",50,50,150,50,150,50,6,"False"
"775",775,"Goomy","Dragon","No aplica",45,50,35,55,75,40,6,"False"
"776",776,"Sliggoo","Dragon","No aplica",68,75,53,83,113,60,6,"False"
"777",777,"Goodra","Dragon","No aplica",90,100,70,110,150,80,6,"False"
"778",778,"Klefki","Steel","Fairy",57,80,91,80,87,75,6,"False"
"779",779,"Phantump","Ghost","Grass",43,70,48,50,60,38,6,"False"
"780",780,"Trevenant","Ghost","Grass",85,110,76,65,82,56,6,"False"
"781",781,"Pumpkaboo Average Size","Ghost","Grass",49,66,70,44,55,51,6,"False"
"782",782,"Pumpkaboo Small Size","Ghost","Grass",44,66,70,44,55,56,6,"False"
"783",783,"Pumpkaboo Large Size","Ghost","Grass",54,66,70,44,55,46,6,"False"
"784",784,"Pumpkaboo Super Size","Ghost","Grass",59,66,70,44,55,41,6,"False"
"785",785,"Gourgeist Average Size","Ghost","Grass",65,90,122,58,75,84,6,"False"
"786",786,"Gourgeist Small Size","Ghost","Grass",55,85,122,58,75,99,6,"False"
"787",787,"Gourgeist Large Size","Ghost","Grass",75,95,122,58,75,69,6,"False"
"788",788,"Gourgeist Super Size","Ghost","Grass",85,100,122,58,75,54,6,"False"
"789",789,"Bergmite","Ice","No aplica",55,69,85,32,35,28,6,"False"
"790",790,"Avalugg","Ice","No aplica",95,117,184,44,46,28,6,"False"
"791",791,"Noibat","Flying","Dragon",40,30,35,45,40,55,6,"False"
"792",792,"Noivern","Flying","Dragon",85,70,80,97,80,123,6,"False"
"793",793,"Xerneas","Fairy","No aplica",126,131,95,131,98,99,6,"True"
"794",794,"Yveltal","Dark","Flying",126,131,95,131,98,99,6,"True"
"795",795,"Zygarde Half Forme","Dragon","Ground",108,100,121,81,95,95,6,"True"
"796",796,"Diancie","Rock","Fairy",50,100,150,100,150,50,6,"True"
"797",797,"Mega Diancie","Rock","Fairy",50,160,110,160,110,110,6,"True"
"798",798,"Hoopa Confined","Psychic","Ghost",80,110,60,150,130,70,6,"True"
"799",799,"Hoopa Unbound","Psychic","Dark",80,160,60,170,130,80,6,"True"
"800",800,"Volcanion","Fire","Water",80,110,120,130,90,70,6,"True"
